{"stats":{"minecraft:killed":{"minecraft:pig":3},"minecraft:crafted":{"minecraft:acacia_planks":24,"minecraft:crafting_table":2,"minecraft:stick":8,"minecraft:stone_pickaxe":1,"minecraft:wooden_pickaxe":1,"minecraft:wooden_axe":1},"minecraft:dropped":{"minecraft:wooden_pickaxe":2},"minecraft:picked_up":{"minecraft:wooden_pickaxe":1,"minecraft:wheat_seeds":1,"minecraft:acacia_log":8,"minecraft:porkchop":5,"minecraft:dirt":15,"minecraft:cobblestone":3},"minecraft:mined":{"minecraft:grass":7,"minecraft:acacia_log":9,"minecraft:acacia_leaves":2,"minecraft:dirt":5,"minecraft:stone":3},"minecraft:used":{"minecraft:wooden_axe":12,"minecraft:dirt":7,"minecraft:crafting_table":2,"minecraft:wooden_pickaxe":3},"minecraft:custom":{"minecraft:time_since_rest":5592,"minecraft:sprint_one_cm":17656,"minecraft:play_time":5592,"minecraft:damage_taken":100,"minecraft:walk_one_cm":9845,"minecraft:mob_kills":3,"minecraft:drop":2,"minecraft:jump":122,"minecraft:damage_dealt":332,"minecraft:leave_game":2,"minecraft:time_since_death":5592,"minecraft:total_world_time":5592,"minecraft:interact_with_crafting_table":2,"minecraft:fall_one_cm":4335,"minecraft:fly_one_cm":23022}},"DataVersion":3465}