{"stats":{"minecraft:killed":{"minecraft:pig":3},"minecraft:crafted":{"minecraft:acacia_planks":24,"minecraft:crafting_table":2,"minecraft:stick":8,"minecraft:stone_pickaxe":1,"minecraft:wooden_pickaxe":1,"minecraft:wooden_axe":1},"minecraft:dropped":{"minecraft:wooden_pickaxe":2},"minecraft:mined":{"minecraft:grass":13,"minecraft:acacia_log":9,"minecraft:acacia_leaves":2,"minecraft:dirt":5,"minecraft:tall_grass":6,"minecraft:stone":3},"minecraft:picked_up":{"minecraft:wooden_axe":1,"minecraft:acacia_planks":6,"minecraft:wooden_pickaxe":1,"minecraft:wheat_seeds":3,"minecraft:acacia_log":10,"minecraft:porkchop":10,"minecraft:dirt":33,"minecraft:cobblestone":3},"minecraft:used":{"minecraft:wooden_axe":30,"minecraft:dirt":22,"minecraft:crafting_table":2,"minecraft:porkchop":2,"minecraft:wooden_pickaxe":3},"minecraft:killed_by":{"minecraft:creeper":1},"minecraft:custom":{"minecraft:time_since_rest":1125,"minecraft:crouch_one_cm":10,"minecraft:sprint_one_cm":21374,"minecraft:play_time":9370,"minecraft:deaths":1,"minecraft:damage_taken":460,"minecraft:walk_one_cm":17243,"minecraft:sneak_time":4,"minecraft:mob_kills":5,"minecraft:drop":2,"minecraft:jump":159,"minecraft:damage_dealt":608,"minecraft:leave_game":3,"minecraft:time_since_death":1093,"minecraft:total_world_time":9370,"minecraft:interact_with_crafting_table":2,"minecraft:fall_one_cm":5711,"minecraft:fly_one_cm":25993}},"DataVersion":3465}